<?xml version="1.0" encoding="UTF-8"?>
<!-- 
/**
 * AmanCMS
 * 
 * LICENSE
 *
 * This source file is subject to the GNU GENERAL PUBLIC LICENSE Version 2 
 * that is bundled with this package in the file LICENSE.txt.
 * It is also available through the world-wide-web at this URL:
 * http://www.gnu.org/licenses/gpl-2.0.txt
 * If you did not receive a copy of the license and are unable to
 * obtain it through the world-wide-web, please send an email
 * to license@amancms.com so we can send you a copy immediately.
 * 
 * @copyright	Copyright (c) 2010-2012 KhanSoft Limited (http://www.khansoft.com)
 * @license		http://www.gnu.org/licenses/gpl-2.0.txt GNU GENERAL PUBLIC LICENSE Version 2
 * @version		$Id: about.xml 3979 2010-07-25 11:37:38Z mehrab $
 * @since		1.0.0
 */
-->
<!DOCTYPE module SYSTEM "http://schemas.amancms.com/dtd/module_about.dtd">
<module>
	<name>download</name>
	<description langKey="about_download_description"><![CDATA[Upload file and manage uploaded files]]></description>
	<thumbnail></thumbnail>
	<author>AmanCMS Core Team</author>
	<email>core@amancms.com</email>
	<version>2.0.0</version>
	<license>free</license>
	<requires></requires>
	<install></install>
	<uninstall></uninstall>
	<admin></admin>
</module>
